{"batch": {"encoder_input": {"_type": "histogram", "values": [2024, 14, 0, 2, 2, 0, 0, 1, 0, 0, 1, 1, 0, 0, 0, 0, 0, 0, 0, 0, 0, 0, 0, 0, 0, 0, 0, 2, 0, 0, 0, 1], "bins": [0.0, 72.84375, 145.6875, 218.53125, 291.375, 364.21875, 437.0625, 509.90625, 582.75, 655.59375, 728.4375, 801.28125, 874.125, 946.96875, 1019.8125, 1092.65625, 1165.5, 1238.34375, 1311.1875, 1384.03125, 1456.875, 1529.71875, 1602.5625, 1675.40625, 1748.25, 1821.09375, 1893.9375, 1966.78125, 2039.625, 2112.46875, 2185.3125, 2258.15625, 2331.0]}, "encoder_mask": {"_type": "histogram", "values": [1987, 0, 0, 0, 0, 0, 0, 0, 0, 0, 0, 0, 0, 0, 0, 0, 0, 0, 0, 0, 0, 0, 0, 0, 0, 0, 0, 0, 0, 0, 0, 61], "bins": [0.0, 0.03125, 0.0625, 0.09375, 0.125, 0.15625, 0.1875, 0.21875, 0.25, 0.28125, 0.3125, 0.34375, 0.375, 0.40625, 0.4375, 0.46875, 0.5, 0.53125, 0.5625, 0.59375, 0.625, 0.65625, 0.6875, 0.71875, 0.75, 0.78125, 0.8125, 0.84375, 0.875, 0.90625, 0.9375, 0.96875, 1.0]}, "label": [1, 1, 1, 1]}, "loss": 0.9111456871032715, "_timestamp": 1711369714.0712123, "_runtime": 161.39953517913818, "_step": 24, "_wandb": {"runtime": 162}}