{"batch": {"encoder_input": {"_type": "histogram", "values": [2035, 1, 3, 1, 0, 1, 0, 0, 1, 0, 0, 1, 0, 0, 0, 1, 0, 0, 1, 0, 0, 1, 0, 0, 0, 0, 0, 0, 0, 0, 0, 2], "bins": [0.0, 83.65625, 167.3125, 250.96875, 334.625, 418.28125, 501.9375, 585.59375, 669.25, 752.90625, 836.5625, 920.21875, 1003.875, 1087.53125, 1171.1875, 1254.84375, 1338.5, 1422.15625, 1505.8125, 1589.46875, 1673.125, 1756.78125, 1840.4375, 1924.09375, 2007.75, 2091.40625, 2175.0625, 2258.71875, 2342.375, 2426.03125, 2509.6875, 2593.34375, 2677.0]}, "encoder_mask": {"_type": "histogram", "values": [2009, 0, 0, 0, 0, 0, 0, 0, 0, 0, 0, 0, 0, 0, 0, 0, 0, 0, 0, 0, 0, 0, 0, 0, 0, 0, 0, 0, 0, 0, 0, 39], "bins": [0.0, 0.03125, 0.0625, 0.09375, 0.125, 0.15625, 0.1875, 0.21875, 0.25, 0.28125, 0.3125, 0.34375, 0.375, 0.40625, 0.4375, 0.46875, 0.5, 0.53125, 0.5625, 0.59375, 0.625, 0.65625, 0.6875, 0.71875, 0.75, 0.78125, 0.8125, 0.84375, 0.875, 0.90625, 0.9375, 0.96875, 1.0]}, "label": [1, 0, 1, 1]}, "loss": 0.59514319896698, "_timestamp": 1711477761.8709364, "_runtime": 186.6119213104248, "_step": 360, "_wandb": {"runtime": 185}}