{"batch": {"encoder_input": {"_type": "histogram", "values": [1530, 0, 1, 0, 0, 0, 1, 1, 0, 0, 1, 0, 0, 0, 0, 0, 0, 0, 1, 0, 0, 0, 0, 0, 0, 0, 0, 0, 0, 0, 0, 1], "bins": [0.0, 93.3125, 186.625, 279.9375, 373.25, 466.5625, 559.875, 653.1875, 746.5, 839.8125, 933.125, 1026.4375, 1119.75, 1213.0625, 1306.375, 1399.6875, 1493.0, 1586.3125, 1679.625, 1772.9375, 1866.25, 1959.5625, 2052.875, 2146.1875, 2239.5, 2332.8125, 2426.125, 2519.4375, 2612.75, 2706.0625, 2799.375, 2892.6875, 2986.0]}, "encoder_mask": {"_type": "histogram", "values": [1513, 0, 0, 0, 0, 0, 0, 0, 0, 0, 0, 0, 0, 0, 0, 0, 0, 0, 0, 0, 0, 0, 0, 0, 0, 0, 0, 0, 0, 0, 0, 23], "bins": [0.0, 0.03125, 0.0625, 0.09375, 0.125, 0.15625, 0.1875, 0.21875, 0.25, 0.28125, 0.3125, 0.34375, 0.375, 0.40625, 0.4375, 0.46875, 0.5, 0.53125, 0.5625, 0.59375, 0.625, 0.65625, 0.6875, 0.71875, 0.75, 0.78125, 0.8125, 0.84375, 0.875, 0.90625, 0.9375, 0.96875, 1.0]}, "label": [0, 1, 1]}, "loss": 33.333335876464844, "_timestamp": 1711480339.9290552, "_runtime": 810.6479332447052, "_step": 2137, "_wandb": {"runtime": 841}}