{"batch": {"encoder_input": {"_type": "histogram", "values": [2034, 2, 2, 0, 1, 0, 0, 3, 0, 0, 0, 0, 0, 1, 0, 0, 1, 0, 0, 1, 0, 1, 0, 0, 0, 0, 0, 0, 0, 1, 0, 1], "bins": [1.0, 113.5625, 226.125, 338.6875, 451.25, 563.8125, 676.375, 788.9375, 901.5, 1014.0625, 1126.625, 1239.1875, 1351.75, 1464.3125, 1576.875, 1689.4375, 1802.0, 1914.5625, 2027.125, 2139.6875, 2252.25, 2364.8125, 2477.375, 2589.9375, 2702.5, 2815.0625, 2927.625, 3040.1875, 3152.75, 3265.3125, 3377.875, 3490.4375, 3603.0]}, "encoder_mask": {"_type": "histogram", "values": [2006, 0, 0, 0, 0, 0, 0, 0, 0, 0, 0, 0, 0, 0, 0, 0, 0, 0, 0, 0, 0, 0, 0, 0, 0, 0, 0, 0, 0, 0, 0, 42], "bins": [0.0, 0.03125, 0.0625, 0.09375, 0.125, 0.15625, 0.1875, 0.21875, 0.25, 0.28125, 0.3125, 0.34375, 0.375, 0.40625, 0.4375, 0.46875, 0.5, 0.53125, 0.5625, 0.59375, 0.625, 0.65625, 0.6875, 0.71875, 0.75, 0.78125, 0.8125, 0.84375, 0.875, 0.90625, 0.9375, 0.96875, 1.0]}, "label": [1, 1, 1, 1]}, "loss": 0.60779869556427, "_timestamp": 1711282077.8584874, "_runtime": 47.07882046699524, "_step": 1, "_wandb": {"runtime": 46}}