{"batch": {"encoder_input": {"_type": "histogram", "values": [1527, 1, 1, 0, 0, 0, 1, 0, 0, 0, 0, 0, 0, 1, 0, 0, 0, 1, 0, 1, 0, 0, 0, 0, 0, 0, 0, 0, 0, 0, 2, 1], "bins": [0.0, 80.84375, 161.6875, 242.53125, 323.375, 404.21875, 485.0625, 565.90625, 646.75, 727.59375, 808.4375, 889.28125, 970.125, 1050.96875, 1131.8125, 1212.65625, 1293.5, 1374.34375, 1455.1875, 1536.03125, 1616.875, 1697.71875, 1778.5625, 1859.40625, 1940.25, 2021.09375, 2101.9375, 2182.78125, 2263.625, 2344.46875, 2425.3125, 2506.15625, 2587.0]}, "encoder_mask": {"_type": "histogram", "values": [1508, 0, 0, 0, 0, 0, 0, 0, 0, 0, 0, 0, 0, 0, 0, 0, 0, 0, 0, 0, 0, 0, 0, 0, 0, 0, 0, 0, 0, 0, 0, 28], "bins": [0.0, 0.03125, 0.0625, 0.09375, 0.125, 0.15625, 0.1875, 0.21875, 0.25, 0.28125, 0.3125, 0.34375, 0.375, 0.40625, 0.4375, 0.46875, 0.5, 0.53125, 0.5625, 0.59375, 0.625, 0.65625, 0.6875, 0.71875, 0.75, 0.78125, 0.8125, 0.84375, 0.875, 0.90625, 0.9375, 0.96875, 1.0]}, "label": [0, 1, 1]}, "loss": 0.4593205451965332, "_timestamp": 1711452362.546303, "_runtime": 599.9831941127777, "_step": 2137, "_wandb": {"runtime": 598}}