{"batch": {"encoder_input": {"_type": "histogram", "values": [2029, 3, 2, 2, 0, 1, 0, 1, 1, 1, 0, 0, 0, 0, 0, 0, 0, 0, 0, 1, 1, 0, 0, 2, 1, 0, 0, 0, 0, 1, 1, 1], "bins": [0.0, 74.03125, 148.0625, 222.09375, 296.125, 370.15625, 444.1875, 518.21875, 592.25, 666.28125, 740.3125, 814.34375, 888.375, 962.40625, 1036.4375, 1110.46875, 1184.5, 1258.53125, 1332.5625, 1406.59375, 1480.625, 1554.65625, 1628.6875, 1702.71875, 1776.75, 1850.78125, 1924.8125, 1998.84375, 2072.875, 2146.90625, 2220.9375, 2294.96875, 2369.0]}, "encoder_mask": {"_type": "histogram", "values": [1999, 0, 0, 0, 0, 0, 0, 0, 0, 0, 0, 0, 0, 0, 0, 0, 0, 0, 0, 0, 0, 0, 0, 0, 0, 0, 0, 0, 0, 0, 0, 49], "bins": [0.0, 0.03125, 0.0625, 0.09375, 0.125, 0.15625, 0.1875, 0.21875, 0.25, 0.28125, 0.3125, 0.34375, 0.375, 0.40625, 0.4375, 0.46875, 0.5, 0.53125, 0.5625, 0.59375, 0.625, 0.65625, 0.6875, 0.71875, 0.75, 0.78125, 0.8125, 0.84375, 0.875, 0.90625, 0.9375, 0.96875, 1.0]}, "label": [0, 0, 0, 1]}, "loss": 0.6877124905586243, "_timestamp": 1710171880.2143471, "_runtime": 7064.834677219391, "_step": 130, "_wandb": {"runtime": 7061}}