{"batch": {"encoder_input": {"_type": "histogram", "values": [1527, 2, 1, 1, 0, 1, 0, 0, 0, 0, 0, 0, 0, 1, 0, 1, 0, 0, 0, 0, 0, 0, 0, 0, 0, 0, 0, 0, 0, 1, 0, 1], "bins": [0.0, 111.0, 222.0, 333.0, 444.0, 555.0, 666.0, 777.0, 888.0, 999.0, 1110.0, 1221.0, 1332.0, 1443.0, 1554.0, 1665.0, 1776.0, 1887.0, 1998.0, 2109.0, 2220.0, 2331.0, 2442.0, 2553.0, 2664.0, 2775.0, 2886.0, 2997.0, 3108.0, 3219.0, 3330.0, 3441.0, 3552.0]}, "encoder_mask": {"_type": "histogram", "values": [1508, 0, 0, 0, 0, 0, 0, 0, 0, 0, 0, 0, 0, 0, 0, 0, 0, 0, 0, 0, 0, 0, 0, 0, 0, 0, 0, 0, 0, 0, 0, 28], "bins": [0.0, 0.03125, 0.0625, 0.09375, 0.125, 0.15625, 0.1875, 0.21875, 0.25, 0.28125, 0.3125, 0.34375, 0.375, 0.40625, 0.4375, 0.46875, 0.5, 0.53125, 0.5625, 0.59375, 0.625, 0.65625, 0.6875, 0.71875, 0.75, 0.78125, 0.8125, 0.84375, 0.875, 0.90625, 0.9375, 0.96875, 1.0]}, "label": [1, 1, 0]}, "loss": 0.42044636607170105, "_timestamp": 1711483298.5126677, "_runtime": 822.0727846622467, "_step": 2137, "_wandb": {"runtime": 853}}