{"batch": {"encoder_input": {"_type": "histogram", "values": [2038, 0, 2, 0, 1, 2, 0, 1, 0, 0, 1, 0, 1, 0, 0, 0, 0, 0, 0, 0, 0, 0, 0, 0, 1, 0, 0, 0, 0, 0, 0, 1], "bins": [0.0, 108.25, 216.5, 324.75, 433.0, 541.25, 649.5, 757.75, 866.0, 974.25, 1082.5, 1190.75, 1299.0, 1407.25, 1515.5, 1623.75, 1732.0, 1840.25, 1948.5, 2056.75, 2165.0, 2273.25, 2381.5, 2489.75, 2598.0, 2706.25, 2814.5, 2922.75, 3031.0, 3139.25, 3247.5, 3355.75, 3464.0]}, "encoder_mask": {"_type": "histogram", "values": [2005, 0, 0, 0, 0, 0, 0, 0, 0, 0, 0, 0, 0, 0, 0, 0, 0, 0, 0, 0, 0, 0, 0, 0, 0, 0, 0, 0, 0, 0, 0, 43], "bins": [0.0, 0.03125, 0.0625, 0.09375, 0.125, 0.15625, 0.1875, 0.21875, 0.25, 0.28125, 0.3125, 0.34375, 0.375, 0.40625, 0.4375, 0.46875, 0.5, 0.53125, 0.5625, 0.59375, 0.625, 0.65625, 0.6875, 0.71875, 0.75, 0.78125, 0.8125, 0.84375, 0.875, 0.90625, 0.9375, 0.96875, 1.0]}, "label": [1, 0, 1, 1]}, "loss": 25.0, "_timestamp": 1711474515.514894, "_runtime": 65.24600791931152, "_step": 24, "_wandb": {"runtime": 64}}