{"batch": {"encoder_input": {"_type": "histogram", "values": [2032, 3, 2, 0, 1, 2, 1, 0, 0, 0, 1, 0, 1, 1, 0, 0, 1, 1, 0, 0, 1, 0, 0, 0, 0, 0, 0, 0, 0, 0, 0, 1], "bins": [0.0, 95.59375, 191.1875, 286.78125, 382.375, 477.96875, 573.5625, 669.15625, 764.75, 860.34375, 955.9375, 1051.53125, 1147.125, 1242.71875, 1338.3125, 1433.90625, 1529.5, 1625.09375, 1720.6875, 1816.28125, 1911.875, 2007.46875, 2103.0625, 2198.65625, 2294.25, 2389.84375, 2485.4375, 2581.03125, 2676.625, 2772.21875, 2867.8125, 2963.40625, 3059.0]}, "encoder_mask": {"_type": "histogram", "values": [2009, 0, 0, 0, 0, 0, 0, 0, 0, 0, 0, 0, 0, 0, 0, 0, 0, 0, 0, 0, 0, 0, 0, 0, 0, 0, 0, 0, 0, 0, 0, 39], "bins": [0.0, 0.03125, 0.0625, 0.09375, 0.125, 0.15625, 0.1875, 0.21875, 0.25, 0.28125, 0.3125, 0.34375, 0.375, 0.40625, 0.4375, 0.46875, 0.5, 0.53125, 0.5625, 0.59375, 0.625, 0.65625, 0.6875, 0.71875, 0.75, 0.78125, 0.8125, 0.84375, 0.875, 0.90625, 0.9375, 0.96875, 1.0]}, "label": [1, 1, 0, 1]}, "loss": 25.0, "_timestamp": 1711478471.5359907, "_runtime": 73.8496036529541, "_step": 45, "_wandb": {"runtime": 73}}