{"batch": {"encoder_input": {"_type": "histogram", "values": [2031, 2, 1, 1, 0, 3, 1, 1, 0, 1, 0, 0, 1, 1, 0, 1, 0, 0, 0, 0, 0, 0, 0, 0, 1, 0, 1, 0, 1, 0, 0, 1], "bins": [0.0, 55.09375, 110.1875, 165.28125, 220.375, 275.46875, 330.5625, 385.65625, 440.75, 495.84375, 550.9375, 606.03125, 661.125, 716.21875, 771.3125, 826.40625, 881.5, 936.59375, 991.6875, 1046.78125, 1101.875, 1156.96875, 1212.0625, 1267.15625, 1322.25, 1377.34375, 1432.4375, 1487.53125, 1542.625, 1597.71875, 1652.8125, 1707.90625, 1763.0]}, "encoder_mask": {"_type": "histogram", "values": [1999, 0, 0, 0, 0, 0, 0, 0, 0, 0, 0, 0, 0, 0, 0, 0, 0, 0, 0, 0, 0, 0, 0, 0, 0, 0, 0, 0, 0, 0, 0, 49], "bins": [0.0, 0.03125, 0.0625, 0.09375, 0.125, 0.15625, 0.1875, 0.21875, 0.25, 0.28125, 0.3125, 0.34375, 0.375, 0.40625, 0.4375, 0.46875, 0.5, 0.53125, 0.5625, 0.59375, 0.625, 0.65625, 0.6875, 0.71875, 0.75, 0.78125, 0.8125, 0.84375, 0.875, 0.90625, 0.9375, 0.96875, 1.0]}, "label": [1, 1, 1, 1]}, "loss": 0.21616993844509125, "_timestamp": 1711474736.0719733, "_runtime": 92.61778736114502, "_step": 100, "_wandb": {"runtime": 91}}