{"batch": {"encoder_input": {"_type": "histogram", "values": [1518, 3, 1, 4, 0, 1, 0, 4, 0, 2, 0, 0, 0, 0, 0, 0, 0, 0, 0, 0, 0, 0, 0, 0, 0, 0, 0, 0, 1, 1, 0, 1], "bins": [1.0, 60.34375, 119.6875, 179.03125, 238.375, 297.71875, 357.0625, 416.40625, 475.75, 535.09375, 594.4375, 653.78125, 713.125, 772.46875, 831.8125, 891.15625, 950.5, 1009.84375, 1069.1875, 1128.53125, 1187.875, 1247.21875, 1306.5625, 1365.90625, 1425.25, 1484.59375, 1543.9375, 1603.28125, 1662.625, 1721.96875, 1781.3125, 1840.65625, 1900.0]}, "encoder_mask": {"_type": "histogram", "values": [1499, 0, 0, 0, 0, 0, 0, 0, 0, 0, 0, 0, 0, 0, 0, 0, 0, 0, 0, 0, 0, 0, 0, 0, 0, 0, 0, 0, 0, 0, 0, 37], "bins": [0.0, 0.03125, 0.0625, 0.09375, 0.125, 0.15625, 0.1875, 0.21875, 0.25, 0.28125, 0.3125, 0.34375, 0.375, 0.40625, 0.4375, 0.46875, 0.5, 0.53125, 0.5625, 0.59375, 0.625, 0.65625, 0.6875, 0.71875, 0.75, 0.78125, 0.8125, 0.84375, 0.875, 0.90625, 0.9375, 0.96875, 1.0]}, "label": [1, 1, 0]}, "loss": 0.705797553062439, "_timestamp": 1711454843.445079, "_runtime": 624.6482670307159, "_step": 2137, "_wandb": {"runtime": 623}}