{"batch": {"encoder_input": {"_type": "histogram", "values": [2032, 1, 2, 1, 1, 0, 1, 0, 2, 0, 0, 1, 0, 0, 1, 1, 1, 0, 0, 0, 0, 1, 0, 0, 0, 1, 1, 0, 0, 0, 0, 1], "bins": [1.0, 54.59375, 108.1875, 161.78125, 215.375, 268.96875, 322.5625, 376.15625, 429.75, 483.34375, 536.9375, 590.53125, 644.125, 697.71875, 751.3125, 804.90625, 858.5, 912.09375, 965.6875, 1019.28125, 1072.875, 1126.46875, 1180.0625, 1233.65625, 1287.25, 1340.84375, 1394.4375, 1448.03125, 1501.625, 1555.21875, 1608.8125, 1662.40625, 1716.0]}, "encoder_mask": {"_type": "histogram", "values": [2010, 0, 0, 0, 0, 0, 0, 0, 0, 0, 0, 0, 0, 0, 0, 0, 0, 0, 0, 0, 0, 0, 0, 0, 0, 0, 0, 0, 0, 0, 0, 38], "bins": [0.0, 0.03125, 0.0625, 0.09375, 0.125, 0.15625, 0.1875, 0.21875, 0.25, 0.28125, 0.3125, 0.34375, 0.375, 0.40625, 0.4375, 0.46875, 0.5, 0.53125, 0.5625, 0.59375, 0.625, 0.65625, 0.6875, 0.71875, 0.75, 0.78125, 0.8125, 0.84375, 0.875, 0.90625, 0.9375, 0.96875, 1.0]}, "label": [0, 0, 0, 1]}, "loss": 75.0, "_timestamp": 1711475768.506918, "_runtime": 86.44158005714417, "_step": 85, "_wandb": {"runtime": 85}}