{"batch": {"encoder_input": {"_type": "histogram", "values": [1523, 4, 0, 2, 0, 0, 1, 0, 0, 1, 0, 0, 0, 0, 0, 0, 0, 0, 0, 0, 2, 0, 0, 0, 0, 1, 0, 0, 0, 1, 0, 1], "bins": [0.0, 78.53125, 157.0625, 235.59375, 314.125, 392.65625, 471.1875, 549.71875, 628.25, 706.78125, 785.3125, 863.84375, 942.375, 1020.90625, 1099.4375, 1177.96875, 1256.5, 1335.03125, 1413.5625, 1492.09375, 1570.625, 1649.15625, 1727.6875, 1806.21875, 1884.75, 1963.28125, 2041.8125, 2120.34375, 2198.875, 2277.40625, 2355.9375, 2434.46875, 2513.0]}, "encoder_mask": {"_type": "histogram", "values": [1507, 0, 0, 0, 0, 0, 0, 0, 0, 0, 0, 0, 0, 0, 0, 0, 0, 0, 0, 0, 0, 0, 0, 0, 0, 0, 0, 0, 0, 0, 0, 29], "bins": [0.0, 0.03125, 0.0625, 0.09375, 0.125, 0.15625, 0.1875, 0.21875, 0.25, 0.28125, 0.3125, 0.34375, 0.375, 0.40625, 0.4375, 0.46875, 0.5, 0.53125, 0.5625, 0.59375, 0.625, 0.65625, 0.6875, 0.71875, 0.75, 0.78125, 0.8125, 0.84375, 0.875, 0.90625, 0.9375, 0.96875, 1.0]}, "label": [1, 1, 0]}, "loss": 0.6099292039871216, "_timestamp": 1711481864.9719005, "_runtime": 822.10045337677, "_step": 2137, "_wandb": {"runtime": 851}}