{"batch": {"encoder_input": {"_type": "histogram", "values": [2034, 3, 1, 3, 0, 0, 0, 0, 0, 1, 0, 0, 1, 0, 1, 2, 0, 1, 0, 0, 0, 0, 0, 0, 0, 0, 0, 0, 0, 0, 0, 1], "bins": [1.0, 91.5625, 182.125, 272.6875, 363.25, 453.8125, 544.375, 634.9375, 725.5, 816.0625, 906.625, 997.1875, 1087.75, 1178.3125, 1268.875, 1359.4375, 1450.0, 1540.5625, 1631.125, 1721.6875, 1812.25, 1902.8125, 1993.375, 2083.9375, 2174.5, 2265.0625, 2355.625, 2446.1875, 2536.75, 2627.3125, 2717.875, 2808.4375, 2899.0]}, "encoder_mask": {"_type": "histogram", "values": [2006, 0, 0, 0, 0, 0, 0, 0, 0, 0, 0, 0, 0, 0, 0, 0, 0, 0, 0, 0, 0, 0, 0, 0, 0, 0, 0, 0, 0, 0, 0, 42], "bins": [0.0, 0.03125, 0.0625, 0.09375, 0.125, 0.15625, 0.1875, 0.21875, 0.25, 0.28125, 0.3125, 0.34375, 0.375, 0.40625, 0.4375, 0.46875, 0.5, 0.53125, 0.5625, 0.59375, 0.625, 0.65625, 0.6875, 0.71875, 0.75, 0.78125, 0.8125, 0.84375, 0.875, 0.90625, 0.9375, 0.96875, 1.0]}, "label": [0, 1, 0, 0]}, "loss": 1.5426907539367676, "_timestamp": 1711451655.3435175, "_runtime": 85.47352862358093, "_step": 33}