{"batch": {"encoder_input": {"_type": "histogram", "values": [2033, 1, 3, 2, 2, 1, 1, 0, 0, 0, 0, 0, 1, 1, 0, 1, 0, 0, 0, 0, 0, 0, 0, 0, 0, 0, 0, 1, 0, 0, 0, 1], "bins": [0.0, 37.21875, 74.4375, 111.65625, 148.875, 186.09375, 223.3125, 260.53125, 297.75, 334.96875, 372.1875, 409.40625, 446.625, 483.84375, 521.0625, 558.28125, 595.5, 632.71875, 669.9375, 707.15625, 744.375, 781.59375, 818.8125, 856.03125, 893.25, 930.46875, 967.6875, 1004.90625, 1042.125, 1079.34375, 1116.5625, 1153.78125, 1191.0]}, "encoder_mask": {"_type": "histogram", "values": [2008, 0, 0, 0, 0, 0, 0, 0, 0, 0, 0, 0, 0, 0, 0, 0, 0, 0, 0, 0, 0, 0, 0, 0, 0, 0, 0, 0, 0, 0, 0, 40], "bins": [0.0, 0.03125, 0.0625, 0.09375, 0.125, 0.15625, 0.1875, 0.21875, 0.25, 0.28125, 0.3125, 0.34375, 0.375, 0.40625, 0.4375, 0.46875, 0.5, 0.53125, 0.5625, 0.59375, 0.625, 0.65625, 0.6875, 0.71875, 0.75, 0.78125, 0.8125, 0.84375, 0.875, 0.90625, 0.9375, 0.96875, 1.0]}, "label": [1, 1, 1, 1]}, "loss": 0.3269089460372925, "_timestamp": 1711375497.5181394, "_runtime": 53.125049352645874, "_step": 25, "_wandb": {"runtime": 52}}