{"batch": {"encoder_input": {"_type": "histogram", "values": [1527, 0, 1, 1, 1, 1, 0, 0, 0, 0, 0, 0, 1, 0, 0, 0, 0, 0, 1, 0, 0, 0, 2, 0, 0, 0, 0, 0, 0, 0, 0, 1], "bins": [0.0, 109.84375, 219.6875, 329.53125, 439.375, 549.21875, 659.0625, 768.90625, 878.75, 988.59375, 1098.4375, 1208.28125, 1318.125, 1427.96875, 1537.8125, 1647.65625, 1757.5, 1867.34375, 1977.1875, 2087.03125, 2196.875, 2306.71875, 2416.5625, 2526.40625, 2636.25, 2746.09375, 2855.9375, 2965.78125, 3075.625, 3185.46875, 3295.3125, 3405.15625, 3515.0]}, "encoder_mask": {"_type": "histogram", "values": [1502, 0, 0, 0, 0, 0, 0, 0, 0, 0, 0, 0, 0, 0, 0, 0, 0, 0, 0, 0, 0, 0, 0, 0, 0, 0, 0, 0, 0, 0, 0, 34], "bins": [0.0, 0.03125, 0.0625, 0.09375, 0.125, 0.15625, 0.1875, 0.21875, 0.25, 0.28125, 0.3125, 0.34375, 0.375, 0.40625, 0.4375, 0.46875, 0.5, 0.53125, 0.5625, 0.59375, 0.625, 0.65625, 0.6875, 0.71875, 0.75, 0.78125, 0.8125, 0.84375, 0.875, 0.90625, 0.9375, 0.96875, 1.0]}, "label": [1, 0, 1]}, "loss": 0.6410885453224182, "_timestamp": 1711479325.972002, "_runtime": 830.3803861141205, "_step": 2137, "_wandb": {"runtime": 829}}