{"batch": {"encoder_input": {"_type": "histogram", "values": [2033, 3, 1, 1, 0, 2, 0, 1, 1, 0, 0, 1, 0, 0, 0, 0, 0, 0, 0, 0, 1, 0, 0, 0, 2, 0, 0, 0, 0, 1, 0, 1], "bins": [0.0, 78.09375, 156.1875, 234.28125, 312.375, 390.46875, 468.5625, 546.65625, 624.75, 702.84375, 780.9375, 859.03125, 937.125, 1015.21875, 1093.3125, 1171.40625, 1249.5, 1327.59375, 1405.6875, 1483.78125, 1561.875, 1639.96875, 1718.0625, 1796.15625, 1874.25, 1952.34375, 2030.4375, 2108.53125, 2186.625, 2264.71875, 2342.8125, 2420.90625, 2499.0]}, "encoder_mask": {"_type": "histogram", "values": [2002, 0, 0, 0, 0, 0, 0, 0, 0, 0, 0, 0, 0, 0, 0, 0, 0, 0, 0, 0, 0, 0, 0, 0, 0, 0, 0, 0, 0, 0, 0, 46], "bins": [0.0, 0.03125, 0.0625, 0.09375, 0.125, 0.15625, 0.1875, 0.21875, 0.25, 0.28125, 0.3125, 0.34375, 0.375, 0.40625, 0.4375, 0.46875, 0.5, 0.53125, 0.5625, 0.59375, 0.625, 0.65625, 0.6875, 0.71875, 0.75, 0.78125, 0.8125, 0.84375, 0.875, 0.90625, 0.9375, 0.96875, 1.0]}, "label": [1, 1, 1, 1]}, "loss": 0.4049493372440338, "_timestamp": 1711477284.9545538, "_runtime": 636.4302327632904, "_step": 1621, "_wandb": {"runtime": 635}}